tanggal,nama,jam_masuk,status
2026-09-01,Andi,08:02,Hadir
2026-09-01,Budi,08:45,Telat
2026-09-01,Citra,-,Izin
2026-09-02,Andi,07:58,Hadir
2026-09-02,Budi,08:10,Telat
2026-09-02,Citra,08:00,Hadir
2026-09-03,Andi,-,Alpa
2026-09-03,Budi,07:55,Hadir
2026-09-03,Citra,08:05,Hadir
2026-09-04,Andi,08:00,Hadir
2026-09-04,Budi,08:30,Telat
2026-09-04,Citra,-,Izin
2026-09-05,Andi,07:59,Hadir
2026-09-05,Budi,08:00,Hadir
2026-09-05,Citra,07:12,Telat
2026-09-05,Budi,08:12,Telat
2026-09-05,Girin,08:12,Telat
2026-09-01,Girin,-,Alpa
2026-09-02,Girin,-,Alpa
2026-09-05,Budi,08:00,Telat
2026-09-03,Girin,-,Alpa